{"cameraMode":{"drawMode":0,"name":"Shaded","section":"Shading Mode"},"sceneLighting":true,"audioPlay":false,"sceneViewState":{"m_AlwaysRefresh":false,"showFog":true,"showSkybox":true,"showFlares":true,"showImageEffects":true,"showParticleSystems":true,"showVisualEffectGraphs":true,"m_FxEnabled":true},"in2DMode":false,"pivot":{"x":-1.2430143356323243,"y":-0.17442505061626435,"z":3.7652955055236818},"rotation":{"x":-0.31770065426826479,"y":0.343484491109848,"z":-0.12473038583993912,"w":-0.8749401569366455},"size":1.7320507764816285,"orthographic":false}